0, 0.0215794, -0.0566426
1, 0.022111, -0.0564259
2, 0.0224067, -0.0561716
3, 0.0226354, -0.0560432
4, 0.022748, -0.0564863
5, 0.0233068, -0.0559667
6, 0.023643, -0.0562607
7, 0.023249, -0.0564227
8, 0.023188, -0.0562266
9, 0.022803, -0.0569405
10, 0.0226181, -0.0567945
11, 0.0225303, -0.0566185
12, 0.022847, -0.0566639
13, 0.022828, -0.0566934
14, 0.0225992, -0.0569622
15, 0.0227443, -0.0567396
16, 0.0225024, -0.0576352
17, 0.0227923, -0.057945
18, 0.02278, -0.0579015
19, 0.0228166, -0.0583468
20, 0.022739, -0.0579496
21, 0.0227198, -0.0578827
22, 0.0229658, -0.0580062
23, 0.0230877, -0.0580551
24, 0.0232473, -0.0583491
25, 0.0227772, -0.0579766
26, 0.0227935, -0.057787
27, 0.0230312, -0.0585864
28, 0.0229517, -0.0581346
29, 0.0233185, -0.0587662
30, 0.0234258, -0.058397
31, 0.0233815, -0.0585254
32, 0.0240116, -0.0591956
33, 0.023881, -0.0598013
34, 0.0241175, -0.0601286
35, 0.0246863, -0.0599335
36, 0.024712, -0.0609376
37, 0.0246917, -0.0609075
38, 0.0246732, -0.060919
39, 0.0246181, -0.0607938
40, 0.0247429, -0.0621695
41, 0.0250268, -0.0602515
42, 0.0252945, -0.0598511
43, 0.0253119, -0.0593279
44, 0.0249869, -0.0581262
45, 0.025133, -0.0576414
46, 0.0255145, -0.0567702
47, 0.025585, -0.0560836
48, 0.0264089, -0.0547533
49, 0.0263622, -0.0542054
50, 0.0267822, -0.0534383
51, 0.02708, -0.0528346
52, 0.0270786, -0.0525329
53, 0.0270176, -0.0523835
54, 0.027372, -0.0519341
55, 0.0273461, -0.0522444
56, 0.0271038, -0.0500382
57, 0.0271973, -0.0495954
58, 0.0270278, -0.0507897
59, 0.0261923, -0.0508062
60, 0.026123, -0.0505849
61, 0.026037, -0.0506783
62, 0.0258791, -0.0550324
63, 0.0255452, -0.0580698
64, 0.0254764, -0.0592737
65, 0.0250204, -0.0578428
66, 0.0245089, -0.0591725
67, 0.0240679, -0.0588161
68, 0.0239513, -0.058577
69, 0.0235508, -0.0592752
70, 0.0236916, -0.0583864
71, 0.0238442, -0.0646659
72, 0.0239594, -0.0641792
73, 0.0239126, -0.0642317
74, 0.0243233, -0.0650233
75, 0.0246263, -0.0637003
76, 0.0253892, -0.0654485
77, 0.0256955, -0.0651043
78, 0.0267892, -0.0661741
79, 0.027894, -0.0667963
80, 0.0298711, -0.0686451
81, 0.0318224, -0.0665433
82, 0.0329433, -0.0674918
83, 0.0352707, -0.0708622
84, 0.0372324, -0.0729156
85, 0.0418205, -0.0770624
86, 0.046339, -0.0814741
87, 0.0486061, -0.0837303
88, 0.0519144, -0.0860838
89, 0.0594042, -0.0897006
90, 0.0656825, -0.0937274
91, 0.0674845, -0.0966905
92, 0.0714863, -0.101371
93, 0.0738012, -0.103829
94, 0.0798926, -0.108666
95, 0.084585, -0.114208
96, 0.0885008, -0.117693
97, 0.103904, -0.141114
98, 0.10754, -0.144499
99, 0.114415, -0.158703
100, 0.121927, -0.176542
101, 0.125929, -0.184343
102, 0.135436, -0.199904
103, 0.14228, -0.216406
104, 0.146257, -0.23122
105, 0.14897, -0.237903
106, 0.150881, -0.250989
107, 0.150493, -0.269086
108, 0.149671, -0.291753
109, 0.149507, -0.289741
110, 0.151013, -0.304856
111, 0.152947, -0.31768
112, 0.154089, -0.324716
113, 0.153145, -0.322059
114, 0.15013, -0.302135
115, 0.142423, -0.254935
116, 0.136757, -0.214166
117, 0.120851, -0.109419
118, 0.11178, -0.0386207
119, 0.0949955, 0.108835
120, 0.0771048, 0.252488
121, 0.0671263, 0.34334
122, 0.0494886, 0.469477
123, 0.0411787, 0.528886
124, 0.0244786, 0.601016
125, 0.0175156, 0.634149
126, -0.00560795, 0.677738
127, -0.0162211, 0.6906
128, -0.0206319, 0.684047
129, -0.0240716, 0.66735
130, -0.0299525, 0.626263
131, -0.0354784, 0.549925
132, -0.0334709, 0.526747
133, -0.0317757, 0.43874
134, -0.0411159, 0.397968
135, -0.0512552, 0.32063
136, -0.0499809, 0.284551
137, -0.068266, 0.227393
138, -0.0767358, 0.199871
139, -0.0949799, 0.163713
140, -0.103143, 0.145523
141, -0.12869, 0.131326
142, -0.156518, 0.119623
143, -0.17758, 0.118011
144, -0.247366, 0.144865
145, -0.304732, 0.195132
146, -0.347373, 0.28499
147, -0.397159, 0.363113
148, -0.403547, 0.404438
149, -0.298966, 0.48713
150, -0.183048, 0.523324
151, 0.0877111, 0.603256
152, 0.355886, 0.730547
153, 0.496577, 0.784758
154, 0.773218, 0.872008
155, 0.889724, 0.904294
156, 1.09477, 0.947922
157, 1.19111, 0.948146
158, 1.32906, 0.925296
159, 1.38468, 0.908422
160, 1.36028, 0.830978
161, 1.25593, 0.729429
162, 1.19169, 0.661154
163, 1.07664, 0.526475
164, 1.03478, 0.464621
165, 0.951099, 0.341564
166, 0.895042, 0.223755
167, 0.866248, 0.1528
168, 0.851275, 0.0975577
169, 0.803759, 0.0556066
170, 0.814561, 0.0337057
171, 0.87034, 0.0256235
172, 0.998107, 0.00726783
173, 1.09571, 0.000345465
174, 1.30302, -0.00738609
175, 1.48389, -0.00476166
176, 1.55194, -0.00157486
177, 1.58595, 0.00296811
178, 1.54617, 0.0118493
179, 1.31405, 0.0137313
180, 0.963869, 0.0157615
181, 0.650948, 0.0184268
182, 0.605802, 0.0203519
183, 0.41368, 0.0239678
184, 0.373871, 0.0274072
185, 0.356819, 0.0294294
186, 0.368017, 0.0371371
187, 0.362316, 0.06015
188, 0.372458, 0.0507593
189, 0.354869, 0.0606703
190, 0.350281, 0.0685523
191, 0.337211, 0.0704019
192, 0.304856, 0.0715371
193, -0.0450206, 0.0724839
194, 0.298595, 0.0818173
195, 0.339437, 0.0836147
196, 0.303311, 0.0826977
197, 0.32219, 0.0833816
198, 0.326646, 0.0833845
199, 0.347296, 0.0885977
200, 0.296616, 0.0947291
201, 0.247017, 0.0971542
202, 0.152891, 0.0964262
203, 0.0545677, 0.113412
204, 0.00375302, 0.115333
205, -0.0856924, 0.115208
206, -0.147996, 0.115069
207, -0.171221, 0.115118
208, -0.203003, 0.113866
209, -0.211575, 0.112903
210, -0.198131, 0.113289
211, -0.167776, 0.112054
212, 0.182272, 0.110901
213, 0.198043, 0.110251
214, 0.126264, 0.109087
215, 0.0587772, 0.106378
216, 0.0554031, 0.0995803
217, 0.0250942, 0.095633
218, 2.50344, 0.0872294
219, 2.82742, 0.0811691
220, 0.811427, 0.0666851
221, 1.0381, 0.0627897
222, 1.66765, 0.0433079
223, 1.56642, 0.0122628
224, 1.52468, 0.003698
225, 1.47659, -0.012621
226, 1.45491, -0.0175127
227, 1.47426, -0.0235631
228, 1.49523, -0.0353068
229, 1.77641, -0.0430647
230, 1.65293, -0.05778
231, 1.58639, -0.0760021
232, 1.54828, -0.0887368
233, 1.41529, -0.114173
234, 1.3879, -0.146211
235, 1.34018, -0.160208
236, 1.41449, -0.187394
237, 1.58463, -0.210742
238, 1.71923, -0.239185
239, 2.30633, -0.243791
240, 2.56991, -0.249088
241, 2.6858, -0.251456
242, 2.84621, -0.206805
243, 2.88338, -0.147748
244, 2.84844, -0.0100379
245, 2.74625, 0.0668822
246, 2.48928, 0.22498
247, 1.87547, 0.376635
248, 1.59781, 0.493688
249, 1.43787, 0.55065
250, 1.18531, 0.617828
251, 1.32433, 0.663524
252, 1.27534, 0.665237
253, 1.1824, 0.640654
254, 1.27716, 0.565716
255, 1.22261, 0.596655
256, 1.17949, 0.718916
257, 1.25897, 0.676011
258, 1.27188, 0.628201
259, 1.23529, 0.536436
260, 1.22362, 0.493015
261, 1.19619, 0.443053
262, 1.18158, 0.408621
263, 1.15452, 0.371887
264, 1.14251, 0.366817
265, 1.15604, 0.480518
266, 1.16326, 0.542345
267, 1.15157, 0.56259
268, 1.06123, 0.611555
269, 0.980811, 0.700328
270, 0.945486, 0.756393
271, 0.874593, 0.88671
272, 0.788298, 1.05801
273, 0.751491, 1.12764
274, 0.665047, 1.31549
275, 0.6249, 1.40312
276, 0.553313, 1.58749
277, 0.493712, 1.80684
278, 0.469426, 1.88189
279, 0.412455, 2.16313
280, 0.324715, 2.36986
281, 0.293852, 2.30817
282, 0.225249, 2.2207
283, 0.193628, 2.20164
284, 0.205319, 2.14925
285, 0.27944, 2.03018
286, 0.347549, 1.89625
287, 0.478834, 1.69735
288, 0.564903, 1.59747
289, 0.796684, 1.39883
290, 0.95337, 1.29881
291, 1.2819, 1.12253
292, 1.66076, 0.955179
293, 1.87412, 0.88329
294, 2.23708, 0.705521
295, 2.57518, 0.5912
296, 2.86194, 0.500613
297, 2.98546, 0.455687
298, 1.98166, 0.421483
299, 1.80084, 0.409138
300, 1.52184, 0.407584
301, 1.41682, 0.402169
302, 1.38654, 0.389395
303, 1.29641, 0.377109
304, 1.2452, 0.371714
305, 1.23717, 0.367229
306, 1.27307, 0.365486
307, 1.39428, 0.359765
308, 1.69792, 0.35986
309, 1.88726, 0.3686
310, 2.05719, 0.372683
311, 2.12294, 0.377761
312, 2.19321, 0.378179
313, 2.14251, 0.384468
314, 2.05103, 0.385683
315, 1.85117, 0.392847
316, 1.35952, 0.387165
317, 1.07899, 0.384967
318, 0.877163, 0.387447
319, 0.623948, 0.388494
320, 0.586623, 0.389623
321, 0.557994, 0.393323
322, 0.524816, 0.397945
323, 0.48558, 0.400366
324, 0.471574, 0.402844
325, 0.435049, 0.404691
326, 0.419901, 0.404411
327, 0.397045, 0.404845
328, 0.380707, 0.406812
329, 0.376249, 0.40427
330, 0.365938, 0.400272
331, 0.282261, 0.412223
332, 0.275386, 0.417838
333, 0.256785, 0.420483
334, 0.235454, 0.413721
335, 0.178197, 0.415433
336, 0.150661, 0.408801
337, 0.0937593, 0.413039
338, 0.0187558, 0.409228
339, -0.00948457, 0.407654
340, -0.0791785, 0.401932
341, -0.142259, 0.399036
342, -0.1764, 0.397541
343, -0.224564, 0.386689
344, -0.274853, 0.389972
345, -0.318439, 0.386711
346, -0.33141, 0.380639
347, -0.399621, 0.376678
348, -0.437884, 0.364968
349, -0.490094, 0.368751
350, -0.545722, 0.365075
351, 0.0362283, 0.370225
352, 0.2851, 0.367466
353, 0.167773, 0.394223
354, 0.619824, 0.183549
355, 0.706986, 0.349537
356, 0.82638, 0.344908
357, 0.954661, 0.353988
358, 0.977504, 0.296838
359, 0.997837, 0.267514
360, 0.889375, 0.22358
361, 0.848843, 0.186663
362, 0.982269, 0.157637
363, 0.955949, 0.0983029
364, 0.911806, 0.146407
365, 0.914716, 0.148353
366, 0.904467, 0.0334926
367, 0.882474, 0.257012
368, 0.858368, 0.969843
369, 0.795443, 0.932185
370, 0.0865613, 0.823537
371, 0.0979763, 0.739042
372, 0.18789, 0.654867
373, 0.271211, 0.63308
374, 0.468856, 0.607033
375, 0.726057, 0.601462
376, 1.00385, 0.891395
377, 1.21748, 1.19303
378, 0.95531, 1.09643
379, -0.0155812, 1.01191
380, -0.36893, 0.970662
381, -0.501443, 0.997465
382, -0.539823, 1.00156
383, -0.547851, 1.06631
384, -0.554802, 1.08385
385, -0.554242, 1.17954
386, -0.561799, 1.30439
387, -0.569042, 1.37594
388, -0.581719, 1.54157
389, -0.591177, 1.71325
390, -0.602671, 1.93889
391, -0.608031, 2.03907
392, -0.613541, 2.24501
393, -0.614095, 2.44941
394, -0.621265, 2.53765
395, -0.623819, 2.69284
396, -0.620639, 2.81939
397, -0.616695, 2.86752
398, -0.614402, 2.92389
399, -0.605858, 2.91088
400, -0.605561, 2.83635
401, -0.604885, 2.7801
402, -0.605952, 2.63217
403, -0.60464, 2.34235
404, -0.590838, 2.12678
405, -0.618898, 1.87982
406, -0.627519, 1.75871
407, -0.647106, 1.59331
408, -0.671176, 1.55431
409, -0.709697, 1.3904
410, -0.71083, 1.26254
411, -0.750117, 1.23434
412, -0.800528, 1.16147
413, -0.888695, 1.12668
414, -0.917526, 1.11512
415, -0.933904, 1.08381
416, -0.776949, 1.06083
417, -0.666214, 1.04915
418, -0.436937, 1.02317
419, -0.212898, 0.994171
420, 0.0360169, 0.972692
421, 0.144373, 0.961496
422, 0.356176, 0.940038
423, 0.517648, 0.915994
424, 0.427562, 0.903059
425, 0.588511, 0.874813
426, 0.582073, 0.846593
427, 0.537305, 0.820683
428, 0.484183, 0.807496
429, 0.253647, 0.783285
430, 0.348932, 0.762393
431, 0.295085, 0.746923
432, 0.265823, 0.740708
433, 0.197131, 0.732227
434, 0.251044, 0.643833
435, 0.277902, 0.641889
436, 0.396483, 0.6018
437, 0.632113, 0.565633
438, 0.769569, 0.548448
439, 1.07619, 0.72039
440, 1.38081, 0.717513
441, 1.61967, 0.712194
442, 1.71644, 0.70865
443, 1.70882, 0.706795
444, 1.5627, 0.60588
445, 1.17523, 0.601797
446, 0.639857, 0.597286
447, 0.450839, 0.597345
448, 0.169903, 0.593284
449, 0.158869, 0.579583
450, 0.135171, 0.586533
451, 0.109318, 0.539431
452, 0.115291, 0.581922
453, 0.112567, 0.580421
454, 0.123559, 0.625454
455, 0.112099, 0.617732
456, 0.101337, 0.607162
457, 0.0928168, 0.582543
458, 0.0838345, 0.54212
459, 0.0801101, 0.524548
460, 0.0742252, 0.492425
461, 0.0669325, 0.464594
462, 0.0667076, 0.457779
463, 0.0693976, 0.534251
464, 0.0730712, 0.536084
465, 0.06873, 0.537078
466, 0.0625744, 0.56894
467, 0.0671609, 0.5893
468, 0.0694764, 0.536804
469, 0.071565, 0.536161
470, 0.0705814, 0.559202
471, 0.0644973, 0.558173
472, 0.0557826, 0.546615
473, 0.0527875, 0.549295
474, 0.0472808, 0.562079
475, 0.0294174, 0.610223
476, 0.00976806, 0.648325
477, -0.0224261, 0.682335
478, -0.0406949, 0.705372
479, -0.0866439, 1.5237
480, -0.134755, 1.66757
481, -0.205854, 1.81586
482, -0.247335, 1.56652
483, -0.291706, 1.09452
484, -0.181165, 1.19652
485, -0.0646332, 1.26237
486, 0.194442, 1.38927
487, 0.425657, 1.48155
488, 0.586193, 1.46665
489, 0.968249, 1.44631
490, 1.13634, 1.44471
491, 1.21495, 1.37143
492, 1.27934, 1.31971
493, 1.31318, 1.28845
494, 1.24668, 1.21526
495, 1.00756, 1.1507
496, 1.00098, 1.09854
497, 1.03096, 1.07451
498, 1.03645, 1.11856
499, 1.06542, 1.11134
500, 1.07017, 1.28093
501, 1.1471, 1.35604
502, 1.21722, 1.37228
503, 1.41286, 1.34451
504, 1.70156, 1.44797
505, 2.02379, 1.42168
506, 2.36027, 1.47701
507, 2.58587, 1.54697
508, 2.6874, 1.64846
509, 2.68499, 1.71252
510, 2.54115, 1.82466
511, 2.21998, 1.93173
512, 1.65986, 2.04078
513, 1.28239, 2.11007
514, 1.16296, 2.03586
515, 0.93924, 2.07772
516, 1.21248, 2.18304
517, 1.10104, 2.02367
518, 1.08831, 1.92025
519, 1.03706, 1.76694
520, 1.01054, 1.41662
521, 0.989184, 1.35799
522, 0.928813, 0.818365
523, 0.87942, 0.790846
524, 0.856808, 0.669193
525, 0.835015, 0.622893
526, 0.825701, 0.620343
527, 0.881648, 0.561592
528, 0.892627, 0.615736
529, 0.852983, 0.622028
530, 0.809972, 0.657359
531, 0.796216, 0.647803
532, 0.783533, 0.66776
533, 0.785746, 0.648178
534, 0.782692, 0.638203
535, 0.781976, 0.625711
536, 0.775691, 0.617132
537, 0.767571, 0.621402
538, 0.760725, 0.639055
539, 0.760144, 0.666639
540, 0.75749, 0.665286
541, 0.752407, 0.658966
542, 0.712544, 0.663693
543, 0.719611, 0.673656
544, 0.533004, 0.695389
545, 0.423529, 0.679713
546, 0.443866, 0.695077
547, 0.520947, 0.707649
548, 0.738289, 0.530729
549, 0.881848, 0.68768
550, 1.15704, 0.721708
551, 1.37649, 0.653339
552, 1.53922, 0.656453
553, 1.65022, 0.770918
554, 1.70183, 0.62105
555, 1.69811, 0.608326
556, 1.12144, 0.59391
557, 0.949934, 0.591077
558, 1.53501, 0.694154
559, 1.29502, 0.665964
560, 1.68202, 0.706671
561, 1.6052, 0.689327
562, 1.43138, 0.698225
563, 1.18263, 0.677362
564, 1.06953, 0.720247
565, 0.990672, 0.709394
566, 0.972773, 0.703617
567, 1.02325, 0.691278
568, 1.5381, 0.710285
569, 1.726, 0.703873
570, 1.87336, 0.488554
571, 1.91161, 0.634077
572, 1.91442, 0.644773
573, 1.74109, 0.620939
574, 1.45812, 0.641581
575, 1.25964, 0.621386
576, 0.778615, 0.638318
577, 0.531624, 0.644704
578, 0.264775, 0.59743
579, 0.0204271, 0.610885
580, -0.0763596, 0.58456
581, 0.357022, 0.570386
582, 0.381354, 0.583579
583, 0.375825, 0.554073
584, 0.357494, 0.583055
585, 0.328824, 0.634052
586, 0.29863, 0.696702
587, 0.28541, 0.641521
588, 0.261848, 0.894403
589, 0.246188, 0.878401
590, 0.212875, 1.00642
591, 0.117887, 1.32421
592, 0.106623, 1.41165
593, 0.0544535, 1.43105
594, -0.0240252, 1.4694
595, -0.113989, 1.44085
596, -0.212924, 1.37689
597, -0.293269, 1.3304
598, -0.394951, 1.30236
599, -0.432724, 1.16101
600, -0.502514, 1.06362
601, -0.560639, 0.972212
602, -0.62225, 0.867982
603, -0.665551, 0.779521
604, -0.696521, 0.738934
605, -0.736434, 0.678839
606, -0.787305, 0.641554
607, -0.902539, 0.700149
608, -0.946734, 0.775856
609, -0.957968, 0.863801
610, -0.916386, 0.968726
611, -0.911131, 0.941654
612, -0.937282, 1.05137
613, -0.937008, 1.11
614, -0.92369, 1.23835
615, -0.896421, 1.37771
616, -0.831611, 1.49475
617, 0.312186, 1.60124
618, 0.655231, 1.67834
619, 1.18492, 1.74239
620, 1.20153, 1.74347
621, 1.23151, 1.72068
622, 1.26901, 1.66019
623, 1.30416, 1.54948
624, 1.32427, 1.39584
625, 1.32971, 1.22761
626, 1.10488, 1.03171
627, -0.00625281, 0.93726
628, -0.0150528, 0.767943
629, 0.00294666, 0.585732
630, 0.0678932, 0.414981
631, 0.177643, 0.234053
632, 0.330956, 0.116052
633, 0.517717, 0.0338822
634, 0.596946, 0.00306182
635, 0.71723, 0.0034878
636, 0.707463, -0.0101978
637, 0.613056, -0.0194243
638, 0.390552, -0.0563399
639, -0.137288, -0.0646926
640, -0.375805, -0.0853069
641, -0.394373, -0.0884591
642, -0.407872, -0.0918423
643, -0.479519, -0.104336
644, -0.463398, -0.104935
645, -0.517262, -0.109289
646, -0.541473, -0.111658
647, -0.570413, -0.118387
648, -0.591452, -0.120922
649, -0.606022, -0.128105
650, -0.613447, -0.132931
651, -0.631049, -0.150637
652, -0.644094, -0.158788
653, -0.66287, -0.167467
654, -0.670149, -0.178834
655, -0.675577, -0.187172
656, -0.671698, -0.211882
657, -0.661329, -0.260281
658, -0.661983, -0.266046
659, -0.66786, -0.272117
660, -0.668343, -0.280643
661, -0.671557, -0.340333
662, -0.675112, -0.369476
663, -0.68002, -0.40199
664, -0.686325, -0.435108
665, -0.577832, -0.468957
666, -0.58394, -0.497672
667, -0.587309, -0.512469
668, -0.600841, -0.301395
669, -0.605066, -0.31587
670, -0.677957, -0.345105
671, -0.73946, -0.375529
672, -0.810331, -0.406557
673, -0.800612, -0.440762
674, -0.862363, -0.474891
675, -0.653575, -0.510805
676, -0.519769, -0.529191
677, -0.166728, -0.580567
678, -0.0430579, -0.596508
679, 0.227696, -0.627955
680, 0.458372, -0.657742
681, 0.631167, -0.683781
682, 0.746115, -0.706296
683, 0.780415, -0.72456
684, 0.825342, -0.305536
685, 0.718915, -0.294198
686, 0.598616, -0.276316
687, 0.351098, -0.241337
688, 0.409284, -0.205949
689, 0.308078, -0.121706
690, 0.16381, -0.0837338
691, 0.165447, -0.0539549
692, 0.185576, -0.0306987
693, 0.260684, 0.105595
694, 0.400898, -0.435295
695, 0.622925, -0.397453
696, 0.844887, -0.220479
697, 0.948195, -0.209323
698, 1.11617, 0.045395
699, 1.18347, 0.143959
700, 1.16045, 0.286681
701, 0.987681, 0.489656
702, 0.471743, 0.687179
703, 0.265683, 0.5594
704, 0.178324, 0.588779
705, 0.104994, 0.626184
706, 0.07381, 0.562621
707, 0.0600995, 0.619435
708, 0.0617172, 0.648495
709, 0.0581777, 0.53476
710, 0.0521068, 0.511391
711, 0.0509628, 0.444666
712, 0.0429776, 0.340302
713, 0.03644, 0.178311
714, 0.0387753, 0.141474
715, 0.027318, -0.124512
716, 0.0211271, -0.0694885
717, 0.0157543, -0.246396
718, 0.0159307, -0.172577
719, 0.0163027, -0.239171
720, 0.0186503, -0.264516
721, 0.0147286, -0.142544
722, 0.0135985, 0.0415782
723, 0.0124924, 0.251814
724, 0.00920688, 0.391969
725, 0.00319698, 0.516725
726, 0.00270365, 0.635948
727, -0.0110494, 0.707146
728, -0.0334055, 0.739584
729, -0.0437143, 0.739084
730, -0.0887055, 0.649538
731, -0.107777, 0.605946
732, -0.14984, 0.494859
733, -0.206347, 0.349563
734, -0.291845, 0.192806
735, -0.35611, 0.00875876
736, -0.289455, -0.171112
737, -0.068152, -0.310339
738, 0.197644, -0.428174
739, 0.467053, -0.481361
740, 0.758208, -0.515695
741, 1.02422, -0.533565
742, 1.24602, -0.543677
743, 1.33247, -0.545724
744, 1.5237, -0.555978
745, 1.53908, -0.557957
746, 1.57579, -0.565368
747, 1.5176, -0.565684
748, 1.42242, -0.562
749, 1.32632, -0.557583
750, 1.13815, -0.545659
751, 1.10716, -0.552207
752, 1.10466, -0.53658
753, 1.11533, -0.518248
754, 1.16088, -0.492973
755, 1.23813, -0.480811
756, 1.40424, -0.471481
757, 1.63753, -0.471268
758, 1.90306, -0.467011
759, 2.14079, -0.471022
760, 2.32987, -0.482783
761, 2.31261, -0.489548
762, 2.16734, -0.502826
763, 1.89643, -0.513779
764, 1.4083, -0.530134
765, 1.12589, -0.540102
766, 0.932593, -0.554379
767, 0.904498, -0.560016
768, 0.883025, -0.56543
769, 0.890368, -0.572452
770, 0.885762, -0.576997
771, 0.878212, -0.583977
772, 0.865268, -0.584492
773, 0.83895, -0.588036
774, 0.808829, -0.591457
775, 0.78858, -0.594993
776, 0.764892, -0.599146
777, 0.784099, -0.602838
778, 0.76711, -0.60728
779, 0.762837, -0.610844
780, 0.753088, -0.624997
781, 0.744871, -0.631608
782, 0.710296, -0.639987
783, 0.70435, -0.644356
784, 0.697123, -0.656317
785, 0.695964, -0.662658
786, 0.695875, -0.691128
787, 0.695888, -0.709024
788, 0.692988, -0.728708
789, 0.692071, -0.758131
790, 0.702019, -0.779991
791, 0.694035, -0.80416
792, 0.687899, -0.835431
793, 0.677221, -0.849923
794, 0.667444, -0.870106
795, 0.648551, -0.881324
796, 0.609913, -0.887461
797, 0.457131, -0.807165
798, 0.542083, -0.687032
799, 0.77685, -0.542093
800, 1.01976, -0.388982
801, 1.19864, -0.22843
802, 1.42972, -0.08285
803, 1.59326, 0.0286488
804, 1.63008, 0.0981113
805, 1.71779, 0.122706
806, 1.79844, 0.124397
807, 1.71245, 0.102593
808, 1.48723, 0.0612363
809, 1.35956, -0.0115738
810, 1.13971, -0.0975086
811, 1.54499, -0.135074
812, 1.3574, -0.18455
813, 1.08301, -0.2482
814, 1.07741, -0.280942
815, 0.992369, -0.296562
816, 1.00447, -0.398502
817, 1.08682, -0.360103
818, 1.25696, -0.287787
819, 1.37502, -0.2349
820, 1.72667, 0.000127546
821, 2.09416, 0.108227
822, 2.14852, 0.445559
823, 2.20276, 0.574388
824, 1.87914, 0.917927
825, 1.71837, 1.02703
826, 0.956593, 1.30491
827, 0.834421, 1.37741
828, 0.62434, 1.47294
829, 0.60222, 1.4898
830, 0.504149, 1.41027
831, 0.479755, 1.27014
832, 0.440571, 1.07344
833, 0.405246, 0.702385
834, 0.350919, 0.427021
835, 0.330672, 0.269845
836, 0.306633, 0.1221
837, 0.29115, -0.113366
838, 0.267967, -0.31184
839, 0.169843, -0.455937
840, 0.142727, -0.505075
841, 0.280089, -0.531294
842, 0.215235, -0.566915
843, 0.160584, -0.583667
844, 0.103458, -0.588897
845, 0.0381158, -0.590775
846, -0.0163144, -0.594177
847, -0.0706613, -0.593604
848, -0.142591, -0.594613
849, -0.175785, -0.596639
850, -0.205144, -0.595337
851, -0.236904, -0.588677
852, -0.296442, -0.584481
853, -0.300794, -0.579929
854, -0.336807, -0.576219
855, -0.375061, -0.570709
856, -0.406134, -0.572245
857, -0.445214, -0.554699
858, -0.467415, -0.557319
859, -0.488273, -0.55678
860, -0.528183, -0.552323
861, -0.564606, -0.54634
862, -0.571657, -0.539906
863, -0.56098, -0.531004
864, -0.51396, -0.784034
865, -0.452905, -0.795539
866, -0.362985, -0.80132
867, 0.862998, -0.534182
868, 1.0979, -0.54562
869, 1.40965, -0.504229
870, 1.67148, -0.505897
871, 1.81207, -0.501854
872, 1.86769, -0.51971
873, 1.86398, -0.480375
874, 1.82418, -0.472111
875, 1.7403, -0.467766
876, 1.63482, -0.466234
877, -0.24694, -0.468293
878, 0.149671, -0.471639
879, 0.823204, -0.472758
880, 0.682973, -0.476241
881, 0.738616, -0.483937
882, 0.715308, -0.487293
883, 0.578646, -0.479902
884, 0.264944, -0.487876
885, -0.170589, -0.483894
886, -0.283475, -0.492784
887, -0.462248, -0.484173
888, -0.487171, -0.501908
889, -0.501806, -0.509333
890, -0.507781, -0.523421
891, -0.505075, -0.517007
892, -0.508913, -0.513756
893, -0.515019, -0.524774
894, -0.526073, -0.473705
895, -0.535642, -0.454728
896, -0.540202, -0.437292
897, -0.545754, -0.421343
898, -0.549215, -0.377364
899, -0.568738, -0.285089
900, -0.567438, -0.161918
901, -0.565888, -0.027353
902, -0.570189, -0.0126055
903, -0.578309, -0.141754
904, -0.586408, 0.334785
905, -0.595337, 0.4944
906, -0.601709, 0.54693
907, -0.609873, 0.563677
908, -0.622019, 0.584818
909, -0.637574, 0.510298
910, -0.66913, 0.420356
911, -0.699057, 0.3265
912, -0.735539, 0.511625
913, -0.77375, 0.431489
914, -0.823725, 0.377566
915, -0.871922, 0.39006
916, -0.930925, 0.270767
917, -0.972417, 0.274855
918, -0.947964, 0.114896
919, -0.811114, 0.150531
920, -0.587597, 0.22348
921, -0.366653, 0.338273
922, -0.168637, 0.504898
923, -0.0181795, 0.739656
924, 0.137275, 0.923796
925, 0.227964, 1.13868
926, 0.288363, 1.32896
927, 0.302526, 1.5265
928, 0.454235, 1.77413
929, 0.347687, 1.84683
930, 0.10149, 1.87256
931, -0.000556231, 1.81861
932, -0.0153015, 1.69966
933, 0.0431841, 1.52011
934, -0.0724787, 1.30752
935, -0.154198, 1.05708
936, -0.0828401, 0.857899
937, 0.0131542, 0.760105
938, 0.127368, 0.680151
939, 0.342102, 0.547689
940, 0.787754, 0.409681
941, 1.2246, 0.33729
942, 1.42519, 0.34584
943, 1.53857, 0.306418
944, 1.53543, 0.300886
945, 1.26727, 0.291061
946, 0.731092, 0.267335
947, 0.360815, 0.177707
948, 0.180605, 0.169056
949, 0.076552, 0.163014
950, -0.0255188, 0.189078
951, -0.0356466, 0.168851
952, -0.0363889, 0.142797
953, -0.0201425, 0.120144
954, -0.0321335, 0.117713
955, -0.0276085, 0.121405
956, -0.0375162, 0.118945
957, -0.0454361, 0.115053
958, -0.0527406, 0.111922
959, -0.0584576, 0.110632
960, -0.0639189, 0.109868
961, -0.0689971, 0.092764
962, -0.0694666, 0.0953464
963, -0.0696226, 0.0949625
964, -0.0677861, 0.0971748
965, 0.0208276, 0.0925318
966, 0, 0.0897096
967, 0, 0.0523464
968, 0, -0.0227814
969, 0, -0.0468242
970, 0, 0.10976
971, 0, 0.106482
972, 0, 0.104528
973, 0, 0.102454
974, 0, 0.0978284
975, 0, 0.092067
976, 0, 0.083269
977, 0, 0.078786
978, 0, 0.0714041
979, 0, 0.0641857
980, 0, 0.0546241
981, 0, 0.0468812
982, 0, 0.0351903
983, 0, 0.0252114
984, 0, 0.0116375
985, 0, -0.0120778
986, 0, -0.0391348
987, 0, -0.0642602
988, 0, -0.111435
989, 0, -0.140382
990, 0, -0.189468
991, 0, -0.203961
992, 0, -0.227571
993, 0, -0.221949
994, 0, -0.196358
995, 0, 0.0809215
996, 0, 0.0368792
997, 0, 0.591769
998, 0, 0.840639
999, 0, 1.02799
1000, 0, 1.1057
1001, 0, 1.2554
1002, 0, 1.30234
1003, 0, 1.32936
1004, 0, 1.33594
1005, 0, 1.32257
1006, 0, 1.28567
1007, 0, 1.41285
1008, 0, 0.958968
1009, 0, 0.859677
1010, 0, 0.811354
1011, 0, 0.766163
1012, 0, 0.818078
1013, 0, 0.818809
1014, 0, 0.907385
1015, 0, 0.913588
1016, 0, 0.995487
1017, 0, 1.17543
1018, 0, 1.30453
1019, 0, 1.42805
1020, 0, 1.63244
1021, 0, 1.78821
1022, 0, 2.01084
1023, 0, 2.12886
1024, 0, 2.21088
1025, 0, 2.25884
1026, 0, 2.25021
1027, 0, 2.18335
1028, 0, 1.99533
1029, 0, 1.8195
1030, 0, 1.61783
1031, 0, 1.45238
1032, 0, 1.21437
1033, 0, 1.05698
1034, 0, 0.897886
1035, 0, 0.7921
1036, 0, 0.669583
1037, 0, 0.573033
1038, 0, 0.569261
1039, 0, 0.559473
1040, 0, 0.548878
1041, 0, 0.542928
1042, 0, 0.522137
1043, 0, 0.518806
1044, 0, 0.51977
1045, 0, 0.52562
1046, 0, 0.518719
1047, 0, 0.519078
1048, 0, 0.520325
1049, 0, 0.524675
1050, 0, 0.528335
1051, 0, 0.531607
1052, 0, 0.535421
1053, 0, 0.53902
1054, 0, 0.54328
1055, 0, 0.548144
1056, 0, 0.579299
1057, 0, 0.568565
1058, 0, 0.570621
1059, 0, 0.574125
1060, 0, 0.574836
1061, 0, 0.568306
1062, 0, 0.56719
1063, 0, 0.56844
1064, 0, 0.559001
1065, 0, 0.556614
1066, 0, 0.546212
1067, 0, 0.544929
1068, 0, 0.528758
1069, 0, 0.517103
1070, 0, 0.512126
1071, 0, 0.501021
1072, 0, 0.494178
1073, 0, 0.484313
1074, 0, 0.476876
1075, 0, 0.468483
1076, 0, 0.456641
1077, 0, 0.434676
1078, 0, 0.308732
1079, 0, 0.386148
1080, 0, 0.290752
1081, 0, 0.316611
1082, 0, 0.310606
1083, 0, 0.302719
1084, 0, 0.211099
1085, 0, 0.158229
1086, 0, 0.145166
1087, 0, 0.206722
1088, 0, 0.373042
1089, 0, 0.449533
1090, 0, 0.576935
1091, 0, 0.997274
1092, 0, 1.33394
1093, 0, 1.56419
1094, 0, 1.59694
1095, 0, 1.55775
1096, 0, 1.6746
1097, 0, 1.70449
1098, 0, 1.68659
1099, 0, 1.62197
1100, 0, 1.3523
1101, 0, 1.31285
1102, 0, 1.24613
1103, 0, 1.20449
1104, 0, 1.17038
1105, 0, 1.16858
1106, 0, 1.19994
1107, 0, 1.23814
1108, 0, 1.3116
1109, 0, 1.50758
1110, 0, 1.65377
1111, 0, 1.90714
1112, 0, 2.08454
1113, 0, 2.27697
1114, 0, 2.45358
1115, 0, 2.65888
1116, 0, 2.74566
1117, 0, 2.78232
1118, 0, 2.7581
1119, 0, 2.63065
1120, 0, 2.41399
1121, 0, 2.19295
1122, 0, 1.93631
1123, 0, 1.68872
1124, 0, 1.56574
1125, 0, 1.38213
1126, 0, 1.20348
1127, 0, 1.16633
1128, 0, 1.09003
1129, 0, 1.04876
1130, 0, 1.01329
1131, 0, 0.96709
1132, 0, 0.945755
1133, 0, 0.920413
1134, 0, 0.897716
1135, 0, 0.887173
1136, 0, 0.836465
1137, 0, 0.82056
1138, 0, 0.826675
1139, 0, 0.85103
1140, 0, 0.848614
1141, 0, 0.836376
1142, 0, 0.842239
1143, 0, 0.838152
1144, 0, 0.805616
1145, 0, 0.812427
1146, 0, 0.765098
1147, 0, 0.859091
1148, 0, 0.863154
1149, 0, 0.896527
1150, 0, 0.901099
1151, 0, 0.906318
1152, 0, 0.89625
1153, 0, 0.897976
1154, 0, 0.866227
1155, 0, 0.873506
1156, 0, 0.830683
1157, 0, 0.793817
1158, 0, 0.766549
1159, 0, 0.673784
1160, 0, 0.633197
1161, 0, 0.776215
1162, 0, 0.735109
1163, 0, 0.697485
1164, 0, 0.641788
1165, 0, 0.738608
1166, 0, 0.698452
1167, 0, 0.657617
1168, 0, 0.600692
1169, 0, 0.69142
1170, 0, 0.666791
1171, 0, 0.673477
1172, 0, 0.791505
1173, 0, 0.720566
1174, 0, 0.761031
1175, 0, 0.633124
1176, 0, 0.617554
1177, 0, 0.62372
1178, 0, 0.598432
1179, 0, 0.592348
1180, 0, 0.638861
1181, 0, 0.684217
1182, 0, 0.806948
1183, 0, 1.18483
1184, 0, 1.68383
1185, 0, 1.74213
1186, 0, 1.64814
1187, 0, 1.55756
1188, 0, 1.73712
1189, 0, 1.6651
1190, 0, 1.51054
1191, 0, 1.20983
1192, 0, 1.11533
1193, 0, 1.27456
1194, 0, 1.16369
1195, 0, 1.23251
1196, 0, 1.22732
1197, 0, 1.24307
1198, 0, 1.34271
1199, 0, 1.42087
1200, 0, 1.62229
1201, 0, 1.50843
1202, 0, 1.67117
1203, 0, 1.77952
1204, 0, 1.77242
1205, 0, 1.68832
1206, 0, 1.57801
1207, 0, 1.4428
1208, 0, 1.28794
1209, 0, 1.00778
1210, 0, 0.860056
1211, 0, 0.618306
1212, 0, 0.510696
1213, 0, 0.508637
1214, 0, 0.489019
1215, 0, 0.462766
1216, 0, 0.433636
1217, 0, 0.410425
1218, 0, 0.38333
1219, 0, 0.365365
1220, 0, 0.363367
1221, 0, 0.363118
1222, 0, 0.362041
1223, 0, 0.358628
1224, 0, 0.352358
1225, 0, 0.343857
1226, 0, 0.335795
1227, 0, 0.326697
1228, 0, 0.322852
1229, 0, 0.312509
1230, 0, 0.315074
1231, 0, 0.379456
1232, 0, 0.381341
1233, 0, 0.382075
1234, 0, 0.396284
1235, 0, 0.39774
1236, 0, 0.383991
1237, 0, 0.380339
1238, 0, 0.378373
1239, 0, 0.385692
1240, 0, 0.384556
1241, 0, 0.382784
1242, 0, 0.381652
1243, 0, 0.378356
1244, 0, 0.375462
1245, 0, 0.369389
1246, 0, 0.364437
1247, 0, 0.358333
1248, 0, 0.350383
1249, 0, 0.333575
1250, 0, 0.324101
1251, 0, 0.314459
1252, 0, 0.119853
1253, 0, 0.26979
1254, 0, 0.238074
1255, 0, 0.122365
1256, 0, 0.163823
1257, 0, 0.134329
1258, 0, 0.106147
1259, 0, 0.0745688
1260, 0, 0.078619
1261, 0, 0.120297
1262, 0, 0.237554
1263, 0, 0.457477
1264, 0, 0.609643
1265, 0, 0.836494
1266, 0, 0.997238
1267, 0, 1.07809
1268, 0, 1.13954
1269, 0, 1.11698
1270, 0, 1.10795
1271, 0, 0.987221
1272, 0, 0.835291
1273, 0, 0.488923
1274, 0, 0.184058
1275, 0, 0.530085
1276, 0, 0.298591
1277, 0, 0.264065
1278, 0, 0.247863
1279, 0, 0.256862
1280, 0, 0.2785
1281, 0, 0.324091
1282, 0, 0.418018
1283, 0, 0.429635
1284, 0, 0.63114
1285, 0, 0.757436
1286, 0, 0.904994
1287, 0, 1.09606
1288, 0, 1.2157
1289, 0, 1.33679
1290, 0, 1.32656
1291, 0, 1.26302
1292, 0, 1.33274
1293, 0, 1.26404
1294, 0, 1.09456
1295, 0, 0.817961
1296, 0, 0.429549
1297, 0, -0.0935898
1298, 0, -0.324714
1299, 0, -0.2519
1300, 0, -0.415696
1301, 0, -0.439353
1302, 0, -0.467493
1303, 0, -0.427878
1304, 0, -0.442477
1305, 0, -0.449511
1306, 0, -0.427446
1307, 0, -0.434738
1308, 0, -0.519828
1309, 0, -0.465181
1310, 0, -0.435612
1311, 0, -0.470715
1312, 0, -0.477995
1313, 0, -0.524763
1314, 0, -0.453058
1315, 0, -0.422009
1316, 0, -0.352881
1317, 0, -0.324786
1318, 0, -0.438846
1319, 0, -0.463454
1320, 0, -0.454124
1321, 0, -0.453576
1322, 0, -0.470058
1323, 0, -0.458689
1324, 0, -0.432032
1325, 0, -0.427742
1326, 0, -0.45529
1327, 0, -0.450488
1328, 0, -0.445643
1329, 0, -0.441938
1330, 0, -0.449006
1331, 0, -0.434303
1332, 0, -0.458427
1333, 0, -0.47266
1334, 0, -0.542516
1335, 0, -0.474164
1336, 0, -0.515789
1337, 0, -0.518909
1338, 0, -0.539057
1339, 0, -0.573151
1340, 0, -0.610838
1341, 0, -0.615309
1342, 0, -0.673116
1343, 0, -0.673178
1344, 0, -0.6213
1345, 0, -0.612971
1346, 0, -0.651662
1347, 0, -0.482105
1348, 0, -0.284592
1349, 0, -0.0908055
1350, 0, 0.38929
1351, 0, 0.814635
1352, 0, 1.4285
1353, 0, 2.00718
1354, 0, 1.78151
1355, 0, 1.68184
1356, 0, 1.59265
1357, 0, 1.5182
1358, 0, 1.4553
1359, 0, 1.41151
1360, 0, 1.34864
1361, 0, 1.30187
1362, 0, -0.163135
1363, 0, -0.23821
1364, 0, -0.26377
1365, 0, -0.294647
1366, 0, -0.296917
1367, 0, -0.25087
1368, 0, -0.175942
1369, 0, -0.0766416
1370, 0, 0.0928518
1371, 0, 0.299991
1372, 0, 0.658952
1373, 0, 0.838798
1374, 0, 0.94868
1375, 0, 1.13481
1376, 0, 1.18429
1377, 0, 1.19407
1378, 0, 1.01213
1379, 0, 0.842669
1380, 0, 0.643647
1381, 0, 0.352286
1382, 0, 0.185302
1383, 0, 0.0546092
1384, 0, -0.10613
1385, 0, -0.189914
1386, 0, -0.251242
1387, 0, -0.297138
1388, 0, -0.335154
1389, 0, -0.36324
1390, 0, -0.475575
1391, 0, -0.476375
1392, 0, -0.488382
1393, 0, -0.497272
1394, 0, -0.50241
1395, 0, -0.50989
1396, 0, -0.510872
1397, 0, -0.528185
1398, 0, -0.526456
1399, 0, -0.522426
1400, 0, -0.528782
1401, 0, -0.531387
1402, 0, -0.531826
1403, 0, -0.531251
1404, 0, -0.529051
1405, 0, -0.528994
1406, 0, -0.525178
1407, 0, -0.524534
1408, 0, -0.52267
1409, 0, -0.52274
1410, 0, -0.535847
1411, 0, -0.553829
1412, 0, -0.555487
1413, 0, -0.76195
1414, 0, -0.756464
1415, 0, -0.724714
1416, 0, -0.729957
1417, 0, -0.687553
1418, 0, -0.747192
1419, 0, -0.743313
1420, 0, -0.763084
1421, 0, -0.769738
1422, 0, -0.756458
1423, 0, -0.773235
1424, 0, -0.585595
1425, 0, -0.625385
1426, 0, -0.64136
1427, 0, -0.583636
1428, 0, -0.629604
1429, 0, -0.627166
1430, 0, -0.708951
1431, 0, -0.750335
1432, 0, -0.671076
1433, 0, -0.72754
1434, 0, -0.753965
1435, 0, -0.796525
1436, 0, -0.817678
1437, 0, -0.809875
1438, 0, -0.769594
1439, 0, -0.626971
1440, 0, -0.495631
1441, 0, -0.353983
1442, 0, -0.220412
1443, 0, -0.0370653
1444, 0, -0.0144984
1445, 0, -0.04947
1446, 0, 0.2188
1447, 0, 0.0353773
1448, 0, -0.0322035
1449, 0, 0.28153
1450, 0, 0.304216
1451, 0, 0.195727
1452, 0, 0.127798
1453, 0, 0.041753
1454, 0, 0.00846797
1455, 0, 0.0195273
1456, 0, -0.0255508
1457, 0, -0.0350659
1458, 0, -0.00556618
1459, 0, 0.0873726
1460, 0, 0.215439
1461, 0, 0.378591
1462, 0, 0.664205
1463, 0, 0.954547
1464, 0, 1.29281
1465, 0, 1.4497
1466, 0, 1.56558
1467, 0, 1.6466
1468, 0, 1.45813
1469, 0, 1.37909
1470, 0, 1.18456
1471, 0, 1.01305
1472, 0, 0.821938
1473, 0, 0.542536
1474, 0, 0.425733
1475, 0, 0.17818
1476, 0, 0.0783816
1477, 0, -0.0151066
1478, 0, -0.0528618
1479, 0, -0.105426
1480, 0, -0.119531
1481, 0, -0.140325
1482, 0, -0.148276
1483, 0, -0.155287
1484, 0, -0.158332
1485, 0, -0.167658
1486, 0, -0.166407
1487, 0, -0.14667
1488, 0, -0.116502
1489, 0, -0.108008
1490, 0, -0.107218
1491, 0, -0.106134
1492, 0, -0.106591
1493, 0, -0.105312
1494, 0, -0.105219
1495, 0, -0.102154
1496, 0, -0.0964107
1497, 0, -0.0940338
1498, 0, -0.0928632
1499, 0, -0.0959275
1500, 0, -0.10527
1501, 0, -0.137078
1502, 0, -0.135155
1503, 0, -0.13614
1504, 0, -0.0992153
1505, 0, -0.0987439
1506, 0, -0.101213
1507, 0, -0.103522
1508, 0, -0.107597
1509, 0, -0.114281
1510, 0, -0.117627
1511, 0, -0.123537
1512, 0, -0.125679
1513, 0, -0.129466
1514, 0, -0.136203
1515, 0, -0.152941
1516, 0, -0.150925
1517, 0, -0.167069
1518, 0, -0.178242
1519, 0, -0.195243
1520, 0, -0.252358
1521, 0, -0.273685
1522, 0, -0.299004
1523, 0, -0.342569
1524, 0, -0.371863
1525, 0, -0.40724
1526, 0, -0.415239
1527, 0, -0.290264
1528, 0, -0.139707
1529, 0, 0.0333699
1530, 0, 0.300177
1531, 0, 0.455951
1532, 0, 0.585703
1533, 0, 0.698042
1534, 0, 0.721199
1535, 0, 0.716064
1536, 0, 0.725858
1537, 0, 0.736273
1538, 0, 0.677132
1539, 0, 0.612213
1540, 0, 0.543473
1541, 0, 0.445121
1542, 0, 0.398585
1543, 0, 0.360926
1544, 0, 0.386323
1545, 0, 0.425462
1546, 0, 0.479989
1547, 0, 0.561384
1548, 0, 0.677464
1549, 0, 0.904382
1550, 0, 1.10307
1551, 0, 1.4301
1552, 0, 1.76535
1553, 0, 1.95521
1554, 0, 2.14246
1555, 0, 2.23023
1556, 0, 2.24273
1557, 0, 2.16104
1558, 0, 2.02932
1559, 0, 1.88043
1560, 0, 1.57916
1561, 0, 1.33414
1562, 0, 1.16039
1563, 0, 0.960117
1564, 0, 0.647395
1565, 0, 0.560839
1566, 0, 0.505429
1567, 0, 0.460246
1568, 0, 0.421701
1569, 0, 0.399898
1570, 0, 0.37258
1571, 0, 0.367602
1572, 0, 0.367262
1573, 0, 0.368903
1574, 0, 0.371586
1575, 0, 0.366695
1576, 0, 0.367994
1577, 0, 0.371391
1578, 0, 0.376786
1579, 0, 0.379077
1580, 0, 0.379723
1581, 0, 0.380771
1582, 0, 0.383307
1583, 0, 0.391148
1584, 0, 0.393625
1585, 0, 0.400649
1586, 0, 0.401197
1587, 0, 0.405168
1588, 0, 0.409115
1589, 0, 0.414096
1590, 0, 0.415236
1591, 0, 0.41197
1592, 0, 0.413101
1593, 0, 0.416423
1594, 0, 0.420742
1595, 0, 0.422466
1596, 0, 0.417709
1597, 0, 0.411828
1598, 0, 0.405691
1599, 0, 0.396574
1600, 0, 0.387593
1601, 0, 0.382269
1602, 0, 0.368373
1603, 0, 0.357208
1604, 0, 0.348206
1605, 0, 0.340139
1606, 0, 0.229125
1607, 0, 0.209634
1608, 0, 0.105423
1609, 0, 0.0710954
1610, 0, 0.0212262
1611, 0, -0.0187765
1612, 0, -0.000415534
1613, 0, -0.052738
1614, 0, 0.116759
1615, 0, 0.413234
1616, 0, 2.24929
1617, 0, 0.448959
1618, 0, 0.622233
1619, 0, 0.67782
1620, 0, 0.872848
1621, 0, 1.21016
1622, 0, 1.24033
1623, 0, 1.15148
1624, 0, 1.11066
1625, 0, 1.06729
1626, 0, 1.04022
1627, 0, 1.04986
1628, 0, 1.09386
1629, 0, 1.17286
1630, 0, 1.28925
1631, 0, 1.51728
1632, 0, 1.72498
1633, 0, 1.91552
1634, 0, 2.23633
1635, 0, 2.43536
1636, 0, 2.7419
1637, 0, 2.81708
1638, 0, 2.80785
1639, 0, 2.64808
1640, 0, 2.23671
1641, 0, 1.97091
1642, 0, 1.66815
1643, 0, 1.55802
1644, 0, 1.3154
1645, 0, 1.21588
1646, 0, 1.12138
1647, 0, 1.09671
1648, 0, 1.0631
1649, 0, 1.02774
1650, 0, 1.01361
1651, 0, 0.998466
1652, 0, 0.991031
1653, 0, 0.983042
1654, 0, 0.970806
1655, 0, 0.94453
1656, 0, 0.921665
1657, 0, 0.892277
1658, 0, 0.873901
1659, 0, 0.733032
1660, 0, 0.712934
1661, 0, 0.678336
1662, 0, 0.655078
1663, 0, 0.629999
1664, 0, 0.720657
1665, 0, 0.716821
1666, 0, 0.934929
1667, 0, 0.940956
1668, 0, 0.93401
1669, 0, 0.947238
1670, 0, 0.999852
1671, 0, 0.912431
1672, 0, 0.868675
1673, 0, 0.926014
1674, 0, 0.920712
1675, 0, 0.899133
1676, 0, 0.8978
1677, 0, 0.896376
1678, 0, 0.894108
1679, 0, 0.89532
1680, 0, 0.888037
1681, 0, 0.873549
1682, 0, 0.865542
1683, 0, 0.845422
1684, 0, 0.829965
1685, 0, 0.784133
1686, 0, 0.801826
1687, 0, 0.79886
1688, 0, 0.807152
1689, 0, 0.816442
1690, 0, 0.791828
1691, 0, 0.778183
1692, 0, 0.794944
1693, 0, 0.532104
1694, 0, 0.562931
1695, 0, 0.577397
1696, 0, 0.690418
1697, 0, 1.05333
1698, 0, 1.20812
1699, 0, 1.15639
1700, 0, 1.19399
1701, 0, 1.30289
1702, 0, 1.42187
1703, 0, 1.40931
1704, 0, 1.39181
1705, 0, 1.28048
1706, 0, 1.26882
1707, 0, 1.37207
1708, 0, 1.57201
1709, 0, 1.62831
1710, 0, 1.62764
1711, 0, 1.55892
1712, 0, 1.64224
1713, 0, 1.31164
1714, 0, 1.28447
1715, 0, 1.31833
1716, 0, 1.27447
1717, 0, 1.31192
1718, 0, 1.36505
1719, 0, 1.43821
1720, 0, 1.40396
1721, 0, 1.50902
1722, 0, 1.61752
1723, 0, 1.78098
1724, 0, 1.85603
1725, 0, 1.90918
1726, 0, 1.94546
1727, 0, 1.92626
1728, 0, 1.8708
1729, 0, 1.70023
1730, 0, 1.54019
1731, 0, 1.37136
1732, 0, 1.20711
1733, 0, 1.01043
1734, 0, 0.811382
1735, 0, 0.674424
1736, 0, 0.567562
1737, 0, 0.528789
1738, 0, 0.500276
1739, 0, 0.479266
1740, 0, 0.460689
1741, 0, 0.463193
1742, 0, 0.468948
1743, 0, 0.460036
1744, 0, 0.44941
1745, 0, 0.456532
1746, 0, 0.455352
1747, 0, 0.453069
1748, 0, 0.449271
1749, 0, 0.448037
1750, 0, 0.433322
1751, 0, 0.439957
1752, 0, 0.432639
1753, 0, 0.435231
1754, 0, 0.429552
1755, 0, 0.426429
1756, 0, 0.426796
1757, 0, 0.418114
1758, 0, 0.399216
1759, 0, 0.449378
1760, 0, 0.456418
1761, 0, 0.424639
1762, 0, 0.418855
1763, 0, 0.431965
1764, 0, 0.443952
1765, 0, 0.438248
1766, 0, 0.440442
1767, 0, 0.427925
1768, 0, 0.425719
1769, 0, 0.420861
1770, 0, 0.411189
1771, 0, 0.402828
1772, 0, 0.384381
1773, 0, 0.369193
1774, 0, 0.346965
1775, 0, 0.337351
1776, 0, 0.317542
1777, 0, 0.294214
1778, 0, 0.264468
1779, 0, 0.216179
1780, 0, 0.193953
1781, 0, 0.15568
1782, 0, 0.124685
1783, 0, 0.105881
1784, 0, 0.112973
1785, 0, 0.171426
1786, 0, 0.388805
1787, 0, 0.580017
1788, 0, 0.678527
1789, 0, 0.855521
1790, 0, 1.14956
1791, 0, 1.34016
1792, 0, 1.24418
1793, 0, 1.26282
1794, 0, 1.20605
1795, 0, 1.17867
1796, 0, 0.787734
1797, 0, 0.768358
1798, 0, 0.627884
1799, 0, 0.295193
1800, 0, 0.303288
1801, 0, 0.298886
1802, 0, 0.306785
1803, 0, 0.367247
1804, 0, 0.430407
1805, 0, 0.670165
1806, 0, 0.872146
1807, 0, 0.763145
1808, 0, 0.919652
1809, 0, 1.16447
1810, 0, 1.32868
1811, 0, 1.47038
1812, 0, 1.60868
1813, 0, 1.66936
1814, 0, 1.6626
1815, 0, 1.58851
1816, 0, 1.34974
1817, 0, 1.20231
1818, 0, 0.991268
1819, 0, 0.743685
1820, 0, 0.428988
1821, 0, -0.0135954
1822, 0, -0.311952
1823, 0, -0.379673
1824, 0, -0.47309
1825, 0, -0.517615
1826, 0, -0.576975
1827, 0, -0.364061
1828, 0, -0.513682
1829, 0, -0.542502
1830, 0, -0.53492
1831, 0, -0.475619
1832, 0, -0.565017
1833, 0, -0.515713
1834, 0, -0.625487
1835, 0, -0.511505
1836, 0, -0.515354
1837, 0, -0.506652
1838, 0, -0.488445
1839, 0, -0.489025
1840, 0, -0.48584
1841, 0, -0.478392
1842, 0, -0.482762
1843, 0, -0.449298
1844, 0, -0.470738
1845, 0, -0.475759
1846, 0, -0.469694
1847, 0, -0.457816
1848, 0, -0.445145
1849, 0, -0.410875
1850, 0, -0.401571
1851, 0, -0.396259
1852, 0, -0.398121
1853, 0, -0.4066
1854, 0, -0.425714
1855, 0, -0.43172
1856, 0, -0.41358
1857, 0, -0.467255
1858, 0, -0.512943
1859, 0, -0.530915
1860, 0, -0.541631
1861, 0, -0.522033
1862, 0, -0.557676
1863, 0, -0.557012
1864, 0, -0.557187
1865, 0, -0.566959
1866, 0, -0.558491
1867, 0, -0.537835
1868, 0, -0.481896
1869, 0, -0.414769
1870, 0, -0.503173
1871, 0, -0.468522
1872, 0, -0.361383
1873, 0, -0.248731
1874, 0, -0.279561
1875, 0, -0.953788
1876, 0, -0.766056
1877, 0, -0.404729
1878, 0, 0.529107
1879, 0, 0.985566
1880, 0, 0.327165
1881, 0, 0.480955
1882, 0, 0.534649
1883, 0, 0.510243
1884, 0, 0.459083
1885, 0, 0.336275
1886, 0, 0.199557
1887, 0, 0.0504929
1888, 0, -0.130432
1889, 0, -0.135472
1890, 0, -0.0594634
1891, 0, -0.246529
1892, 0, -0.284443
1893, 0, -0.294164
1894, 0, -0.264076
1895, 0, -0.203186
1896, 0, -0.03579
1897, 0, 0.118368
1898, 0, 0.292024
1899, 0, 0.570257
1900, 0, 0.752921
1901, 0, 0.91769
1902, 0, 1.04314
1903, 0, 1.14246
1904, 0, 1.13016
1905, 0, 1.05859
1906, 0, 0.861527
1907, 0, 0.679449
1908, 0, 0.408439
1909, 0, 0.278117
1910, 0, 0.148908
1911, 0, -0.000171237
1912, 0, -0.277332
1913, 0, -0.358326
1914, 0, -0.281331
1915, 0, -0.465976
1916, 0, -0.498298
1917, 0, -0.512609
1918, 0, -0.525674
1919, 0, -0.535103
1920, 0, -0.544617
1921, 0, -0.549262
1922, 0, -0.551147
1923, 0, -0.544702
1924, 0, -0.543212
1925, 0, -0.53991
1926, 0, -0.538433
1927, 0, -0.530947
1928, 0, -0.528395
1929, 0, -0.528891
1930, 0, -0.527474
1931, 0, -0.526802
1932, 0, -0.52833
1933, 0, -0.533024
1934, 0, -0.527218
1935, 0, -0.523827
1936, 0, -0.534458
1937, 0, -0.558543
1938, 0, -0.558054
1939, 0, -0.562629
1940, 0, -0.565948
1941, 0, -0.545552
1942, 0, -0.483615
1943, 0, -0.483966
1944, 0, -0.484117
1945, 0, -0.4808
1946, 0, -0.476269
1947, 0, -0.477351
1948, 0, -0.514678
1949, 0, -0.815606
1950, 0, -0.818888
1951, 0, -0.83766
1952, 0, -0.867991
1953, 0, -0.877457
1954, 0, -0.824613
1955, 0, -0.763435
1956, 0, -0.585352
1957, 0, -0.616656
1958, 0, -0.804043
1959, 0, -0.711956
1960, 0, -0.750171
1961, 0, -0.776359
1962, 0, -0.753699
1963, 0, -0.659521
1964, 0, -0.451615
1965, 0, -0.308451
1966, 0, -0.173326
1967, 0, 0.0274295
1968, 0, 0.12357
1969, 0, 0.204805
1970, 0, 0.25473
1971, 0, 0.29033
1972, 0, 0.287229
1973, 0, 0.256541
1974, 0, 0.173488
1975, 0, -0.0635043
1976, 0, 0.210485
1977, 0, 0.170915
1978, 0, 0.118755
1979, 0, 0.0669791
1980, 0, 0.0511612
1981, 0, 0.0579913
1982, 0, -0.129812
1983, 0, -0.0412485
1984, 0, 0.0361147
1985, 0, 0.210762
1986, 0, 0.53719
1987, 0, 0.820522
1988, 0, 1.01491
1989, 0, 1.2935
1990, 0, 1.44693
1991, 0, 1.60868
1992, 0, 1.6474
1993, 0, 1.59189
1994, 0, 1.49058
1995, 0, 1.34747
1996, 0, 1.1738
1997, 0, 0.877568
1998, 0, 0.670875
1999, 0, 0.488337
2000, 0, 0.390794
2001, 0, 0.131521
2002, 0, -0.0644633
2003, 0, -0.218571
2004, 0, -0.210922
2005, 0, -0.235771
2006, 0, -0.256099
2007, 0, -0.270765
2008, 0, -0.273945
2009, 0, -0.275886
2010, 0, -0.277274
2011, 0, -0.282734
2012, 0, -0.285617
2013, 0, -0.287687
2014, 0, -0.29048
2015, 0, -0.288734
2016, 0, -0.282541
2017, 0, -0.278054
2018, 0, -0.275718
2019, 0, -0.277675
2020, 0, -0.277773
2021, 0, -0.278932
2022, 0, -0.278202
2023, 0, -0.275771
2024, 0, -0.276311
2025, 0, -0.272067
2026, 0, -0.275417
2027, 0, -0.278239
2028, 0, -0.279415
2029, 0, -0.275664
2030, 0, -0.276906
2031, 0, -0.293049
2032, 0, -0.280857
2033, 0, -0.2819
2034, 0, -0.283055
2035, 0, -0.284368
2036, 0, -0.289456
2037, 0, -0.291701
2038, 0, -0.29603
2039, 0, -0.302089
2040, 0, -0.311419
2041, 0, -0.320692
2042, 0, -0.317681
2043, 0, -0.328781
2044, 0, -0.335299
2045, 0, -0.347116
2046, 0, -0.366371
2047, 0, -0.401431
2048, 0, -0.444761
2049, 0, -0.47795
2050, 0, -0.502554
2051, 0, -0.523338
2052, 0, -0.536092
2053, 0, -0.543665
2054, 0, -0.515433
2055, 0, -0.445506
2056, 0, -0.341898
2057, 0, 0.211171
2058, 0, 0.376691
2059, 0, 0.504695
2060, 0, 0.562498
2061, 0, 0.638975
2062, 0, 0.674629
2063, 0, 0.687179
2064, 0, 0.591206
2065, 0, 0.578942
2066, 0, 0.510133
2067, 0, 0.443695
2068, 0, 0.33863
2069, 0, 0.295905
2070, 0, 0.290478
2071, 0, 0.298618
2072, 0, 0.362231
2073, 0, 0.448179
2074, 0, 0.55377
2075, 0, 0.689113
2076, 0, 0.949
2077, 0, 1.12763
2078, 0, 1.3197
2079, 0, 1.66683
2080, 0, 1.88693
2081, 0, 1.91562
2082, 0, 1.8914
2083, 0, 1.79813
2084, 0, 1.66207
2085, 0, 1.39751
2086, 0, 1.20371
2087, 0, 1.03004
2088, 0, 0.875024
2089, 0, 0.638165
2090, 0, 0.457624
2091, 0, 0.380998
2092, 0, 0.337876
2093, 0, 0.308584
2094, 0, 0.288235
2095, 0, 0.27798
2096, 0, 0.276904
2097, 0, 0.277306
2098, 0, 0.281319
2099, 0, 0.278458
2100, 0, 0.273116
2101, 0, 0.274821
2102, 0, 0.277535
2103, 0, 0.283184
2104, 0, 0.289969
2105, 0, 0.297558
2106, 0, 0.297052
2107, 0, 0.296814
2108, 0, 0.299186
2109, 0, 0.299792
2110, 0, 0.310025
2111, 0, 0.303183
2112, 0, 0.304033
2113, 0, 0.306791
2114, 0, 0.310679
2115, 0, 0.312382
2116, 0, 0.31971
2117, 0, 0.330599
2118, 0, 0.32909
2119, 0, 0.320018
2120, 0, 0.282706
2121, 0, 0.282795
2122, 0, 0.281988
2123, 0, 0.280289
2124, 0, 0.273801
2125, 0, 0.270625
2126, 0, 0.265474
2127, 0, 0.237646
2128, 0, 0.263466
2129, 0, 0.241944
2130, 0, 0.246325
2131, 0, 0.229532
2132, 0, 0.19686
2133, 0, 0.19199
2134, 0, 0.170395
2135, 0, 0.136467
2136, 0, 0.14146
2137, 0, 0.077538
2138, 0, 0.0786709
2139, 0, 0.133017
2140, 0, 0.178671
2141, 0, 0.0356908
2142, 0, 0.0440589
2143, 0, 0.230061
2144, 0, 0.261403
2145, 0, 0.260986
2146, 0, 0.420705
2147, 0, 0.525256
2148, 0, 0.594268
2149, 0, 0.650416
2150, 0, 0.598648
2151, 0, 0.969143
2152, 0, 1.16109
2153, 0, 1.06502
2154, 0, 0.978399
2155, 0, 0.917603
2156, 0, 0.848199
2157, 0, 0.803948
2158, 0, 0.771224
2159, 0, 0.80462
2160, 0, -0.0572286
